response,msqe,r2_score
y1,9.397796005,-507.8468615465753
y2,40.55481249999999,-2.291760010064852
