response,msqe,r2_score
y1,1.879559201,0.8640022696913369
y2,8.110962499999998,-0.11111307638651557
