Iteration,p1,p2,x,y1,y2,obj1,obj3,objv2
vacuity,7.0,6.000000067055225,0.0,9.0,9.0,9.0,9.0,-4.5
"iter(0, 3)",4.0,5.668666733721892,11.666666681567827,9.0,9.0,9.0,9.0,-4.5
"iter(0, 5)",4.0,5.668666733721892,11.666666681567827,9.0,9.0,9.0,9.0,-4.5
"iter(0, 'completed')",4.0,5.668666733721892,11.666666681567827,9.0,9.0,9.0,9.0,-4.5
"iter(1, 'selection')",7.0,5.222833400388558,0.0,9.0,9.0,9.0,9.0,-4.5
"iter(1, 0)",7.0,5.222833400388558,0.0,9.0,9.0,9.0,9.0,-4.5
"iter(1, 'completed')",7.0,5.222833400388558,0.0,9.0,9.0,9.0,9.0,-4.5
final,7.0,5.222833400388558,0.0,9.0,9.0,9.0,9.0,-4.5
